{"loss": [1.2224533557891846, 0.3369305729866028, 0.2318025827407837, 0.18644899129867554, 0.1459229737520218, 0.1420845091342926, 0.1233576312661171, 0.1273830533027649, 0.10935060679912567, 0.12015735357999802], "accuracy": [0.6399317383766174, 0.8889394402503967, 0.9227114319801331, 0.9374350905418396, 0.9517035484313965, 0.9526424407958984, 0.9597126245498657, 0.9584892392158508, 0.9649335145950317, 0.9619887471199036], "val_loss": [0.48381075263023376, 0.32887372374534607, 0.24121835827827454, 0.29893428087234497, 0.26511773467063904, 0.3428776264190674, 0.3264375329017639, 0.3403274118900299, 0.3293282389640808, 0.3767743706703186], "val_accuracy": [0.8387776017189026, 0.8941497802734375, 0.9243113994598389, 0.906726598739624, 0.9219212532043457, 0.903425931930542, 0.9087184071540833, 0.9116207361221313, 0.9141247272491455, 0.9143523573875427]}